datetime,temp,feelslike,humidity,windspeed
2020-01-01,15.2,15.2,48.9,12.0
2020-01-02,14.8,14.8,69.6,11.1
2020-01-03,16.2,16.2,53.0,8.1
2020-01-04,14.7,14.7,63.6,6.6
2020-01-05,14.5,14.5,59.1,8.6
2020-01-06,17.1,17.1,34.9,7.4
2020-01-07,17.6,17.6,32.3,7.8
2020-01-08,14.3,14.3,68.1,9.8
2020-01-09,14.0,14.0,58.3,12.7
2020-01-10,13.3,13.3,61.2,10.0
2020-01-11,12.8,12.8,67.3,7.8
2020-01-12,13.5,13.5,65.3,12.8
2020-01-13,13.5,13.5,66.7,8.4
2020-01-14,12.9,12.9,68.4,8.4
2020-01-15,13.0,13.0,67.6,7.9
2020-01-16,13.1,13.1,68.5,8.5
2020-01-17,13.0,13.0,70.1,10.0
2020-01-18,15.5,15.5,40.7,8.1
2020-01-19,17.2,17.2,34.2,11.4
2020-01-20,15.8,15.8,64.4,8.7
2020-01-21,15.2,15.2,71.0,13.2
2020-01-22,14.5,14.5,68.9,6.0
2020-01-23,16.5,16.5,64.0,13.2
2020-01-24,16.4,16.4,63.4,8.3
2020-01-25,15.1,15.1,75.6,9.7
2020-01-26,15.0,15.0,73.0,8.0
2020-01-27,16.5,16.5,58.8,10.4
2020-01-28,18.3,18.3,34.8,15.0
2020-01-29,19.7,19.7,23.9,14.8
2020-01-30,17.3,17.3,28.8,9.8
2020-01-31,18.5,18.4,36.7,9.5
2020-02-01,20.3,20.1,33.3,12.6
2020-02-02,16.9,16.9,51.6,10.4
2020-02-03,13.5,13.5,19.8,23.7
2020-02-04,11.2,11.2,22.5,7.9
2020-02-05,12.2,12.1,28.5,14.0
2020-02-06,13.4,13.4,47.9,14.2
2020-02-07,14.1,14.1,59.5,9.3
2020-02-08,14.5,14.5,67.8,12.3
2020-02-09,14.4,14.4,64.9,16.1
2020-02-10,17.8,17.8,34.0,14.5
2020-02-11,16.9,16.9,42.0,20.3
2020-02-12,15.0,15.0,53.1,12.8
2020-02-13,15.0,15.0,59.4,10.6
2020-02-14,14.8,14.8,63.7,8.9
2020-02-15,14.8,14.8,65.5,13.3
2020-02-16,15.3,15.3,68.1,10.3
2020-02-17,15.2,15.2,69.7,10.0
2020-02-18,16.3,16.3,71.6,8.4
2020-02-19,17.1,17.1,65.3,9.9
2020-02-20,18.1,18.0,55.9,8.2
2020-02-21,19.2,19.2,46.7,9.7
2020-02-22,16.4,16.4,63.4,12.4
2020-02-23,15.7,15.7,64.5,14.2
2020-02-24,15.8,15.8,67.4,6.8
2020-02-25,19.5,19.3,45.1,10.5
2020-02-26,19.2,19.2,25.6,9.2
2020-02-27,21.9,21.5,22.6,7.7
2020-02-28,23.2,22.7,22.5,10.2
2020-02-29,18.0,18.0,60.9,11.3
2020-03-01,14.8,14.8,58.6,14.5
2020-03-02,17.3,17.3,38.4,14.0
2020-03-03,19.8,19.8,28.7,20.7
2020-03-04,17.1,17.1,67.4,12.6
2020-03-05,17.7,17.7,66.1,10.7
2020-03-06,16.2,16.2,72.0,13.9
2020-03-07,15.3,15.3,63.1,21.5
2020-03-08,15.0,15.0,63.2,9.9
2020-03-09,17.1,17.1,48.3,16.6
2020-03-10,17.3,17.3,76.5,18.3
2020-03-11,18.5,18.5,68.5,14.8
2020-03-12,14.6,14.6,79.5,11.0
2020-03-13,13.8,13.8,81.9,7.0
2020-03-14,14.4,14.4,79.6,16.6
2020-03-15,15.1,15.1,64.0,11.4
2020-03-16,14.6,14.6,65.3,15.5
2020-03-17,12.3,12.2,62.8,11.4
2020-03-18,13.1,13.1,54.4,16.3
2020-03-19,13.8,13.8,61.5,19.6
2020-03-20,15.3,15.3,62.1,9.9
2020-03-21,16.1,16.1,62.9,13.8
2020-03-22,15.8,15.8,66.1,9.6
2020-03-23,15.9,15.9,68.2,21.3
2020-03-24,14.6,14.6,66.1,13.7
2020-03-25,15.5,15.5,54.9,16.0
2020-03-26,13.4,13.4,47.3,27.6
2020-03-27,14.6,14.6,43.7,15.4
2020-03-28,15.3,15.3,54.6,11.8
2020-03-29,15.4,15.4,61.8,19.8
2020-03-30,16.8,16.8,59.2,14.0
2020-03-31,18.6,18.6,55.1,12.0
2020-04-01,18.4,18.4,65.7,18.1
2020-04-02,18.0,18.0,59.6,20.1
2020-04-03,17.1,17.1,60.9,10.7
2020-04-04,16.7,16.7,62.7,14.0
2020-04-05,16.0,16.0,64.5,10.7
2020-04-06,15.0,15.0,72.8,13.4
2020-04-07,14.6,14.6,68.0,10.0
2020-04-08,13.6,13.6,65.4,15.5
2020-04-09,12.1,12.1,75.4,14.1
2020-04-10,13.8,13.8,66.4,14.8
2020-04-11,16.4,16.4,64.0,11.9
2020-04-12,16.0,16.0,71.4,7.9
2020-04-13,16.1,16.1,70.6,20.1
2020-04-14,17.0,17.0,67.0,17.1
2020-04-15,20.5,20.3,39.4,14.5
2020-04-16,18.3,18.3,61.1,20.5
2020-04-17,16.9,16.9,63.0,10.9
2020-04-18,17.3,17.3,62.6,20.1
2020-04-19,17.4,17.4,59.7,16.7
2020-04-20,17.2,17.2,64.6,16.7
2020-04-21,18.4,18.4,61.1,15.3
2020-04-22,21.6,21.5,50.5,16.3
2020-04-23,24.1,23.9,51.1,12.0
2020-04-24,26.7,26.0,43.2,10.1
2020-04-25,25.3,25.0,50.2,11.4
2020-04-26,22.8,22.7,57.8,10.6
2020-04-27,21.8,21.8,61.8,12.7
2020-04-28,21.7,21.7,64.5,18.9
2020-04-29,19.9,19.9,71.7,15.7
2020-04-30,19.8,19.8,71.3,16.6
2020-05-01,20.6,20.6,61.7,17.4
2020-05-02,20.9,20.9,60.2,17.2
2020-05-03,20.2,20.2,62.1,15.0
2020-05-04,21.5,21.5,59.0,14.0
2020-05-05,24.3,23.8,47.1,12.3
2020-05-06,25.7,25.0,40.6,12.2
2020-05-07,25.7,25.2,44.4,19.1
2020-05-08,23.1,23.1,62.4,16.4
2020-05-09,21.1,21.1,67.9,15.4
2020-05-10,19.4,19.4,70.0,12.7
2020-05-11,19.5,19.5,62.9,14.5
2020-05-12,18.9,18.9,61.2,15.1
2020-05-13,19.3,19.3,56.4,22.9
2020-05-14,20.5,20.5,56.8,18.0
2020-05-15,21.4,21.4,58.1,12.5
2020-05-16,22.0,22.0,54.4,12.5
2020-05-17,21.4,21.4,61.1,24.7
2020-05-18,19.7,19.7,67.1,22.1
2020-05-19,18.3,18.3,57.2,28.1
2020-05-20,19.3,19.3,56.9,18.5
2020-05-21,20.7,20.7,53.7,20.5
2020-05-22,19.8,19.8,64.8,18.7
2020-05-23,19.3,19.3,60.7,19.3
2020-05-24,19.1,19.1,68.2,23.3
2020-05-25,19.9,19.9,67.0,10.3
2020-05-26,20.0,20.0,70.0,15.5
2020-05-27,19.3,19.3,72.9,21.3
2020-05-28,19.3,19.3,72.0,12.7
2020-05-29,18.8,18.8,73.4,10.7
2020-05-30,19.1,19.1,67.1,21.1
2020-05-31,19.1,19.1,68.0,12.9
2020-06-01,21.5,21.5,58.7,15.5
2020-06-02,21.4,21.4,60.0,8.7
2020-06-03,23.3,23.2,56.3,12.1
2020-06-04,20.9,20.9,68.4,15.4
2020-06-05,19.7,19.7,64.5,14.9
2020-06-06,19.3,19.3,66.6,13.2
2020-06-07,20.6,20.6,52.3,21.5
2020-06-08,24.8,24.1,17.5,15.4
2020-06-09,27.5,26.3,15.0,20.4
2020-06-10,27.7,26.6,21.0,14.2
2020-06-11,24.0,23.6,49.7,10.6
2020-06-12,20.0,20.0,66.7,18.7
2020-06-13,19.9,19.9,61.8,25.2
2020-06-14,20.6,20.6,59.9,12.4
2020-06-15,20.6,20.6,67.5,10.7
2020-06-16,19.9,19.9,68.0,15.2
2020-06-17,20.7,20.7,64.4,10.4
2020-06-18,19.2,19.2,68.8,18.1
2020-06-19,19.8,19.8,67.4,15.7
2020-06-20,19.0,19.0,71.8,11.5
2020-06-21,20.0,20.0,68.0,13.6
2020-06-22,20.5,20.5,70.8,13.4
2020-06-23,20.3,20.3,74.2,12.4
2020-06-24,19.7,19.7,73.6,14.2
2020-06-25,20.2,20.2,70.7,17.2
2020-06-26,19.9,19.9,71.8,13.8
2020-06-27,20.0,20.0,71.9,10.7
2020-06-28,19.9,19.9,70.4,10.6
2020-06-29,19.9,19.9,65.6,13.3
2020-06-30,19.5,19.5,67.6,23.3
2020-07-01,20.0,20.0,67.8,10.4
2020-07-02,20.6,20.6,65.7,11.7
2020-07-03,21.4,21.4,65.5,20.9
2020-07-04,22.4,22.5,62.1,15.7
2020-07-05,23.6,23.5,59.6,18.5
2020-07-06,23.9,23.9,59.6,14.7
2020-07-07,22.9,23.0,61.2,16.8
2020-07-08,22.1,22.1,65.6,10.4
2020-07-09,21.9,21.9,67.8,12.0
2020-07-10,22.7,22.8,67.8,10.2
2020-07-11,24.2,23.9,59.4,18.9
2020-07-12,24.8,24.8,57.4,11.1
2020-07-13,23.5,23.7,67.6,10.3
2020-07-14,21.9,21.9,67.1,12.5
2020-07-15,21.0,21.0,66.8,12.7
2020-07-16,20.4,20.4,68.7,12.3
2020-07-17,21.0,21.0,68.2,15.9
2020-07-18,20.7,20.7,68.8,16.3
2020-07-19,20.0,20.0,70.8,23.9
2020-07-20,20.6,20.6,68.4,15.1
2020-07-21,20.7,20.7,67.7,11.0
2020-07-22,18.8,18.8,74.3,9.2
2020-07-23,19.6,19.6,68.1,12.3
2020-07-24,20.0,20.0,68.5,21.9
2020-07-25,20.0,20.0,70.7,12.0
2020-07-26,19.5,19.5,72.1,10.8
2020-07-27,19.4,19.4,71.6,16.4
2020-07-28,19.4,19.4,71.6,19.7
2020-07-29,19.5,19.5,72.8,9.4
2020-07-30,20.5,20.5,69.5,12.9
2020-07-31,23.1,23.1,59.7,16.6
2020-08-01,24.0,24.0,60.8,8.4
2020-08-02,23.0,23.2,69.8,8.9
2020-08-03,22.7,22.8,70.0,16.4
2020-08-04,21.5,21.5,72.4,10.3
2020-08-05,20.9,20.9,70.3,20.5
2020-08-06,21.1,21.1,64.4,19.0
2020-08-07,21.4,21.4,65.1,12.0
2020-08-08,20.9,20.9,66.8,15.4
2020-08-09,20.5,20.5,67.8,20.9
2020-08-10,20.0,20.0,69.7,15.6
2020-08-11,19.8,19.8,69.2,19.9
2020-08-12,21.8,21.7,61.7,10.7
2020-08-13,24.3,24.0,52.3,14.7
2020-08-14,26.5,26.3,53.9,13.4
2020-08-15,27.7,28.0,54.9,8.1
2020-08-16,27.5,27.6,57.1,11.7
2020-08-17,25.8,26.2,64.8,12.5
2020-08-18,27.2,27.7,59.6,10.0
2020-08-19,27.9,28.4,55.7,16.2
2020-08-20,26.8,27.2,61.7,11.7
2020-08-21,26.8,27.5,64.7,10.1
2020-08-22,27.7,28.0,58.9,20.1
2020-08-23,26.7,27.6,67.3,14.0
2020-08-24,23.6,23.6,75.5,13.9
2020-08-25,24.1,24.5,70.4,18.1
2020-08-26,23.7,23.9,70.3,12.5
2020-08-27,24.1,24.3,62.6,23.9
2020-08-28,22.1,22.1,66.6,9.5
2020-08-29,20.5,20.5,69.4,13.8
2020-08-30,20.5,20.5,69.2,18.5
2020-08-31,20.6,20.6,68.9,10.8
2020-09-01,21.0,21.0,67.4,20.7
2020-09-02,20.9,20.9,69.7,23.7
2020-09-03,21.9,22.0,68.6,10.5
2020-09-04,23.7,23.9,64.7,14.4
2020-09-05,28.5,28.4,50.2,10.2
2020-09-06,32.4,32.0,37.2,14.0
2020-09-07,26.8,27.3,62.4,8.8
2020-09-08,23.7,23.7,70.6,8.0
2020-09-09,23.0,23.1,67.8,11.8
2020-09-10,21.0,21.0,69.0,6.8
2020-09-11,21.8,21.6,58.3,10.0
2020-09-12,21.2,21.1,59.3,12.0
2020-09-13,21.3,21.2,66.1,10.6
2020-09-14,22.3,22.2,61.8,10.6
2020-09-15,22.6,22.5,58.6,14.2
2020-09-16,24.0,23.5,48.5,11.6
2020-09-17,23.7,23.1,46.0,17.1
2020-09-18,25.3,24.7,48.0,10.8
2020-09-19,23.5,23.5,58.5,8.9
2020-09-20,21.1,21.1,71.9,11.9
2020-09-21,21.4,21.4,71.1,9.4
2020-09-22,21.5,21.6,71.1,10.7
2020-09-23,21.8,21.8,69.2,17.1
2020-09-24,22.7,22.7,64.8,7.0
2020-09-25,22.0,22.0,71.0,19.7
2020-09-26,21.7,21.7,73.7,17.7
2020-09-27,22.2,22.2,71.6,10.3
2020-09-28,22.7,22.9,71.8,9.6
2020-09-29,23.9,23.8,66.8,11.7
2020-09-30,27.2,26.5,46.1,11.7
2020-10-01,27.9,27.2,41.9,12.2
2020-10-02,27.1,26.6,46.3,17.5
2020-10-03,25.7,25.4,50.6,13.2
2020-10-04,25.1,24.7,53.4,16.2
2020-10-05,23.5,23.3,62.7,8.8
2020-10-06,22.3,22.3,67.5,16.6
2020-10-07,21.0,21.0,74.7,11.5
2020-10-08,21.0,21.0,66.9,16.4
2020-10-09,20.4,20.4,71.7,10.7
2020-10-10,20.9,20.9,68.3,18.5
2020-10-11,20.5,20.5,73.5,10.5
2020-10-12,23.6,23.4,61.0,12.0
2020-10-13,25.3,24.7,48.2,12.4
2020-10-14,24.8,24.3,53.6,10.1
2020-10-15,25.1,24.6,51.8,11.5
2020-10-16,24.2,24.2,62.3,10.2
2020-10-17,23.5,23.6,68.5,7.9
2020-10-18,21.7,21.7,76.0,10.4
2020-10-19,20.5,20.5,74.9,9.1
2020-10-20,20.2,20.2,75.3,18.0
2020-10-21,20.0,20.0,73.7,14.0
2020-10-22,20.2,20.2,67.7,8.2
2020-10-23,19.9,19.9,67.6,8.7
2020-10-24,19.3,19.3,68.9,11.6
2020-10-25,18.6,18.6,62.0,20.5
2020-10-26,17.6,17.6,36.1,6.3
2020-10-27,18.0,18.0,26.1,18.0
2020-10-28,18.1,18.1,48.6,10.1
2020-10-29,19.6,19.5,46.1,6.5
2020-10-30,19.2,19.1,51.3,11.8
2020-10-31,19.5,19.4,56.6,6.5
2020-11-01,19.7,19.6,62.7,8.6
2020-11-02,18.1,18.1,75.9,8.7
2020-11-03,18.1,18.1,78.3,8.8
2020-11-04,19.4,19.4,67.5,10.5
2020-11-05,23.0,22.5,39.4,8.1
2020-11-06,19.6,19.6,65.6,12.0
2020-11-07,13.9,13.9,60.5,14.7
2020-11-08,13.1,13.1,55.8,20.4
2020-11-09,12.4,12.3,48.3,8.6
2020-11-10,13.2,13.2,44.0,13.1
2020-11-11,13.9,13.9,51.5,9.5
2020-11-12,14.3,14.3,57.9,11.6
2020-11-13,14.3,14.3,63.6,17.1
2020-11-14,15.1,15.1,66.9,11.7
2020-11-15,19.1,18.9,38.1,8.4
2020-11-16,22.3,21.8,24.6,9.0
2020-11-17,17.7,17.7,50.1,9.8
2020-11-18,15.3,15.3,77.8,10.6
2020-11-19,15.6,15.6,75.9,9.7
2020-11-20,16.1,16.1,66.2,8.2
2020-11-21,16.8,16.8,65.0,8.6
2020-11-22,16.0,16.0,66.6,6.8
2020-11-23,14.0,14.0,77.7,9.7
2020-11-24,15.1,15.1,69.9,8.4
2020-11-25,14.1,14.1,76.2,11.8
2020-11-26,14.6,14.6,59.7,12.0
2020-11-27,13.3,13.3,34.5,8.6
2020-11-28,15.0,15.0,26.4,9.0
2020-11-29,15.9,15.9,27.7,7.5
2020-11-30,17.0,17.0,29.9,6.6
2020-12-01,16.1,16.1,34.7,6.3
2020-12-02,16.0,16.0,40.1,10.2
2020-12-03,15.4,15.4,30.6,7.6
2020-12-04,15.0,15.0,23.9,9.8
2020-12-05,13.8,13.8,40.9,8.4
2020-12-06,14.0,14.0,42.3,11.5
2020-12-07,14.6,14.6,41.0,1.3
2020-12-08,18.0,17.9,24.4,8.8
2020-12-09,16.4,16.4,38.0,12.1
2020-12-10,14.1,14.1,62.3,11.6
2020-12-11,13.4,13.4,70.6,6.6
2020-12-12,14.0,14.0,69.2,10.7
2020-12-13,14.9,14.9,49.4,13.7
2020-12-14,14.7,14.7,47.5,15.8
2020-12-15,14.0,14.0,37.5,15.5
2020-12-16,14.2,14.2,37.7,8.3
2020-12-17,13.8,13.8,55.6,12.9
2020-12-18,13.6,13.6,62.9,8.4
2020-12-19,13.9,13.9,43.5,6.7
2020-12-20,16.8,16.8,26.0,8.1
2020-12-21,18.9,18.7,23.7,7.3
2020-12-22,14.8,14.8,66.3,6.8
2020-12-23,14.9,14.9,52.6,6.9
2020-12-24,15.2,15.2,23.5,10.1
2020-12-25,15.4,15.4,41.9,10.1
2020-12-26,13.6,13.6,62.6,10.2
2020-12-27,14.3,14.3,74.3,16.3
2020-12-28,9.6,8.8,80.6,17.9
2020-12-29,11.3,11.3,58.8,13.4
2020-12-30,12.3,12.3,45.5,6.9
2020-12-31,13.0,13.0,44.5,12.0
2021-01-01,13.4,13.4,46.7,8.3
2021-01-02,12.7,12.7,60.7,6.8
2021-01-03,13.1,13.1,77.2,8.1
2021-01-04,12.6,12.6,78.6,10.0
2021-01-05,12.5,12.5,78.8,8.3
2021-01-06,14.2,14.2,64.9,7.8
2021-01-07,13.4,13.4,65.5,9.0
2021-01-08,13.6,13.6,62.4,13.4
2021-01-09,15.4,15.4,46.6,10.0
2021-01-10,14.7,14.7,35.8,10.0
2021-01-11,14.7,14.7,38.6,11.8
2021-01-12,14.9,14.9,37.1,9.0
2021-01-13,15.4,15.4,43.2,7.9
2021-01-14,17.8,17.8,43.3,6.5
2021-01-15,20.2,19.8,33.0,1.6
2021-01-16,20.0,19.7,29.5,5.5
2021-01-17,19.9,19.6,31.3,8.0
2021-01-18,17.4,17.4,46.0,8.0
2021-01-19,16.2,16.2,47.3,22.5
2021-01-20,18.1,18.1,36.1,8.8
2021-01-21,16.2,16.2,49.6,10.1
2021-01-22,13.8,13.8,68.5,11.2
2021-01-23,10.5,10.4,75.5,7.9
2021-01-24,10.6,10.6,71.0,14.4
2021-01-25,9.9,9.9,60.1,19.3
2021-01-26,9.5,9.4,46.6,11.1
2021-01-27,12.1,11.7,52.7,14.2
2021-01-28,12.5,12.5,62.2,13.7
2021-01-29,10.7,10.6,78.9,16.5
2021-01-30,11.1,11.1,67.0,7.4
2021-01-31,14.9,14.8,45.4,5.8
2021-02-01,17.2,17.2,45.2,7.7
2021-02-02,15.8,15.8,65.9,10.5
2021-02-03,14.2,14.2,71.5,8.7
2021-02-04,14.4,14.4,68.8,8.5
2021-02-05,14.0,14.0,62.1,13.4
2021-02-06,14.6,14.6,58.8,9.8
2021-02-07,13.1,13.1,72.6,8.7
2021-02-08,13.1,13.1,73.8,10.4
2021-02-09,13.7,13.7,66.6,7.7
2021-02-10,13.5,13.5,72.0,8.7
2021-02-11,13.3,13.3,72.6,10.9
2021-02-12,15.6,15.6,61.9,27.2
2021-02-13,14.8,14.8,63.2,16.1
2021-02-14,17.0,17.0,27.9,32.9
2021-02-15,14.6,14.6,53.8,10.4
2021-02-16,15.9,15.9,53.3,16.4
2021-02-17,15.7,15.6,37.5,12.8
2021-02-18,14.2,14.2,36.5,14.2
2021-02-19,14.5,14.5,39.6,8.5
2021-02-20,14.5,14.5,45.6,17.3
2021-02-21,15.2,15.2,34.5,13.6
2021-02-22,17.6,17.6,30.7,6.3
2021-02-23,18.0,18.0,34.9,17.2
2021-02-24,16.2,16.2,57.9,7.9
2021-02-25,16.3,16.3,46.9,10.4
2021-02-26,15.4,15.4,31.4,8.6
2021-02-27,15.9,15.9,46.4,15.5
2021-02-28,15.9,15.9,40.2,10.2
2021-03-01,16.3,16.3,17.9,10.1
2021-03-02,15.5,15.5,31.7,14.5
2021-03-03,11.5,11.3,66.3,23.8
2021-03-04,13.3,13.3,62.8,13.3
2021-03-05,16.2,16.2,53.3,12.0
2021-03-06,14.6,14.6,69.5,17.7
2021-03-07,14.6,14.6,67.7,11.7
2021-03-08,15.0,15.0,60.4,17.7
2021-03-09,12.9,12.9,60.5,28.2
2021-03-10,11.4,11.2,69.3,10.6
2021-03-11,10.7,10.5,63.0,17.3
2021-03-12,10.9,10.9,60.4,15.6
2021-03-13,12.5,12.5,63.0,16.0
2021-03-14,13.9,13.9,64.1,10.9
2021-03-15,11.9,11.9,63.7,33.2
2021-03-16,11.3,11.1,48.2,14.7
2021-03-17,12.4,12.4,60.2,12.9
2021-03-18,14.0,14.0,67.2,17.1
2021-03-19,15.0,15.0,69.2,16.4
2021-03-20,15.6,15.6,63.5,13.7
2021-03-21,15.2,15.2,47.7,14.7
2021-03-22,15.3,15.3,53.3,11.8
2021-03-23,15.9,15.9,49.9,28.1
2021-03-24,18.3,18.3,20.2,22.3
2021-03-25,13.6,13.6,60.5,29.0
2021-03-26,13.7,13.7,59.8,12.3
2021-03-27,16.1,16.1,55.5,12.1
2021-03-28,20.0,19.7,37.1,13.6
2021-03-29,18.3,18.3,48.0,12.1
2021-03-30,17.0,17.0,65.1,14.0
2021-03-31,21.3,20.8,39.7,10.4
2021-04-01,22.4,22.1,19.3,9.0
2021-04-02,17.6,17.6,62.5,9.3
2021-04-03,15.5,15.5,73.5,9.0
2021-04-04,16.7,16.7,62.1,13.5
2021-04-05,16.0,16.0,67.0,17.4
2021-04-06,16.1,16.1,67.9,14.1
2021-04-07,17.1,17.1,64.3,22.7
2021-04-08,16.9,16.9,64.7,26.8
2021-04-09,17.5,17.5,65.5,20.3
2021-04-10,17.4,17.4,62.3,12.0
2021-04-11,17.1,17.1,70.0,10.2
2021-04-12,16.4,16.4,67.9,20.5
2021-04-13,15.3,15.3,71.7,10.5
2021-04-14,14.7,14.7,63.3,18.3
2021-04-15,14.6,14.6,65.0,11.1
2021-04-16,16.1,16.1,66.2,17.3
2021-04-17,16.5,16.5,66.9,9.9
2021-04-18,21.9,21.4,40.0,14.5
2021-04-19,20.3,20.2,49.3,13.2
2021-04-20,17.2,17.2,66.2,12.1
2021-04-21,16.0,16.0,62.1,16.0
2021-04-22,15.2,15.2,67.6,15.4
2021-04-23,15.6,15.6,68.1,8.7
2021-04-24,15.8,15.8,67.6,21.9
2021-04-25,15.6,15.6,65.5,21.1
2021-04-26,14.9,14.9,62.4,16.2
2021-04-27,15.5,15.5,57.6,21.3
2021-04-28,19.6,19.6,47.4,24.6
2021-04-29,22.0,21.8,43.5,16.1
2021-04-30,22.4,22.1,42.7,11.7
2021-05-01,18.4,18.4,69.3,10.7
2021-05-02,17.7,17.7,64.3,9.0
2021-05-03,18.2,18.2,66.0,10.9
2021-05-04,19.7,19.7,65.9,11.9
2021-05-05,19.1,19.1,70.4,12.3
2021-05-06,17.3,17.3,70.6,11.2
2021-05-07,17.0,17.0,68.6,12.8
2021-05-08,18.1,18.1,65.1,12.2
2021-05-09,18.0,18.0,69.6,18.1
2021-05-10,17.7,17.7,71.5,13.4
2021-05-11,18.1,18.1,70.8,12.7
2021-05-12,17.9,17.9,71.7,17.3
2021-05-13,17.0,17.0,75.4,11.0
2021-05-14,17.6,17.6,67.7,23.1
2021-05-15,17.6,17.6,64.1,17.5
2021-05-16,16.1,16.1,71.7,10.3
2021-05-17,17.1,17.1,68.3,10.7
2021-05-18,18.0,18.0,67.6,20.5
2021-05-19,18.3,18.3,65.6,12.6
2021-05-20,17.8,17.8,59.2,27.5
2021-05-21,17.2,17.2,50.6,20.7
2021-05-22,15.8,15.8,58.4,17.1
2021-05-23,16.9,16.9,59.2,12.4
2021-05-24,21.1,21.1,48.2,17.9
2021-05-25,22.4,22.3,52.7,10.7
2021-05-26,20.2,20.2,65.1,22.3
2021-05-27,18.6,18.6,63.6,19.0
2021-05-28,18.1,18.1,68.1,17.0
2021-05-29,17.3,17.3,70.6,20.1
2021-05-30,18.2,18.2,68.5,17.5
2021-05-31,18.4,18.4,70.6,11.6
2021-06-01,18.5,18.5,72.8,21.5
2021-06-02,18.1,18.1,74.9,20.9
2021-06-03,19.4,19.4,68.9,14.0
2021-06-04,19.7,19.7,66.5,13.0
2021-06-05,19.3,19.3,66.3,13.7
2021-06-06,18.9,18.9,64.1,20.1
2021-06-07,17.8,17.8,66.5,11.9
2021-06-08,19.0,19.0,56.7,19.7
2021-06-09,19.2,19.2,56.7,28.7
2021-06-10,19.5,19.5,50.6,29.2
2021-06-11,20.5,20.5,53.9,16.0
2021-06-12,21.6,21.6,54.4,12.7
2021-06-13,21.2,21.2,64.1,11.1
2021-06-14,22.9,22.8,58.4,15.9
2021-06-15,24.7,24.6,54.9,10.4
2021-06-16,24.2,24.2,59.9,9.6
2021-06-17,22.4,22.5,68.1,17.3
2021-06-18,21.3,21.4,71.6,20.5
2021-06-19,20.7,20.7,72.9,10.8
2021-06-20,19.8,19.8,73.9,10.8
2021-06-21,20.5,20.5,69.6,17.6
2021-06-22,20.1,20.1,68.6,19.7
2021-06-23,20.6,20.6,67.6,19.7
2021-06-24,19.3,19.3,70.1,17.5
2021-06-25,20.6,20.6,64.8,16.8
2021-06-26,21.3,21.3,66.9,9.3
2021-06-27,22.0,22.0,68.6,17.0
2021-06-28,22.3,22.3,69.8,14.6
2021-06-29,22.0,22.0,70.0,8.6
2021-06-30,21.7,21.7,70.5,20.0
2021-07-01,22.3,22.4,68.5,26.5
2021-07-02,21.1,21.1,73.1,12.3
2021-07-03,21.5,21.5,70.6,19.1
2021-07-04,21.1,21.1,70.4,19.3
2021-07-05,20.3,20.3,69.8,10.2
2021-07-06,21.3,21.3,68.1,13.5
2021-07-07,21.8,21.8,68.5,17.8
2021-07-08,23.2,23.3,66.1,10.4
2021-07-09,24.3,24.5,64.8,11.9
2021-07-10,23.7,23.8,65.6,13.6
2021-07-11,23.8,23.9,65.7,18.1
2021-07-12,23.1,23.2,69.4,16.4
2021-07-13,22.7,22.8,73.3,18.8
2021-07-14,23.5,23.7,69.1,10.7
2021-07-15,23.4,23.5,68.1,12.3
2021-07-16,22.6,22.6,67.9,18.9
2021-07-17,22.7,22.8,68.8,18.5
2021-07-18,24.0,24.0,61.4,13.6
2021-07-19,24.6,24.6,60.2,21.3
2021-07-20,23.9,23.9,62.2,20.1
2021-07-21,24.3,24.4,61.9,19.1
2021-07-22,24.4,24.5,63.8,8.9
2021-07-23,23.3,23.5,68.9,19.1
2021-07-24,22.3,22.3,70.3,9.9
2021-07-25,22.0,22.0,70.8,11.0
2021-07-26,21.0,21.0,77.6,17.1
2021-07-27,21.3,21.3,74.4,15.0
2021-07-28,22.4,22.5,68.2,20.5
2021-07-29,22.0,22.0,68.5,15.8
2021-07-30,21.1,21.1,71.1,14.7
2021-07-31,21.0,21.0,70.2,11.5
2021-08-01,22.9,22.9,61.6,22.8
2021-08-02,23.9,23.7,56.0,19.9
2021-08-03,23.2,23.1,59.6,12.7
2021-08-04,22.9,22.9,64.1,16.7
2021-08-05,23.6,23.7,60.8,13.4
2021-08-06,22.7,22.7,68.3,6.8
2021-08-07,22.0,22.1,69.0,13.5
2021-08-08,22.1,22.1,68.6,15.8
2021-08-09,22.5,22.6,67.3,18.2
2021-08-10,22.4,22.5,67.7,17.7
2021-08-11,23.7,23.7,60.7,17.7
2021-08-12,25.7,25.4,53.4,15.5
2021-08-13,24.5,24.4,57.9,7.5
2021-08-14,23.5,23.6,65.2,16.7
2021-08-15,24.0,24.0,61.1,18.5
2021-08-16,24.3,24.5,65.0,18.9
2021-08-17,23.8,24.0,70.6,18.9
2021-08-18,22.7,22.7,71.6,8.7
2021-08-19,22.3,22.3,68.1,20.1
2021-08-20,21.3,21.3,72.1,11.0
2021-08-21,20.4,20.4,75.0,9.0
2021-08-22,20.3,20.3,71.3,16.2
2021-08-23,20.4,20.4,70.6,11.4
2021-08-24,20.5,20.5,71.9,10.8
2021-08-25,21.6,21.6,69.7,9.2
2021-08-26,23.5,23.3,58.8,14.7
2021-08-27,22.4,22.4,63.9,10.9
2021-08-28,20.6,20.6,75.6,17.5
2021-08-29,20.3,20.3,75.3,16.7
2021-08-30,20.7,20.7,75.6,18.4
2021-08-31,20.1,20.1,75.4,10.6
2021-09-01,21.1,21.1,71.6,12.0
2021-09-02,20.3,20.3,72.7,11.9
2021-09-03,20.0,20.0,73.9,13.4
2021-09-04,22.8,22.5,57.9,13.8
2021-09-05,24.1,23.7,51.8,14.7
2021-09-06,23.5,23.6,69.6,15.8
2021-09-07,23.1,23.3,71.9,12.5
2021-09-08,21.4,21.5,77.8,17.7
2021-09-09,22.8,22.8,69.7,10.8
2021-09-10,22.5,22.5,68.0,19.3
2021-09-11,23.8,23.7,61.7,12.2
2021-09-12,21.6,21.6,67.3,25.1
2021-09-13,19.3,19.3,73.0,14.9
2021-09-14,19.0,19.0,73.9,11.6
2021-09-15,19.1,19.1,72.9,10.7
2021-09-16,18.4,18.4,72.5,9.2
2021-09-17,18.7,18.7,71.1,10.0
2021-09-18,18.2,18.2,72.1,20.5
2021-09-19,18.9,18.9,73.5,8.9
2021-09-20,21.3,21.3,69.3,10.4
2021-09-21,24.2,24.1,62.2,10.4
2021-09-22,24.0,23.9,56.7,25.0
2021-09-23,20.4,20.4,71.8,8.7
2021-09-24,18.9,18.9,75.6,11.9
2021-09-25,19.0,19.0,77.1,14.2
2021-09-26,18.0,18.0,78.4,13.0
2021-09-27,18.2,18.2,77.1,7.6
2021-09-28,18.9,18.9,74.3,12.0
2021-09-29,18.9,18.9,73.0,12.7
2021-09-30,21.5,21.2,57.8,11.9
2021-10-01,22.3,21.9,45.5,10.4
2021-10-02,23.1,22.5,49.4,18.3
2021-10-03,24.0,23.4,39.6,16.2
2021-10-04,22.7,22.5,50.1,8.5
2021-10-05,21.6,21.6,67.9,21.9
2021-10-06,18.9,18.9,79.0,10.6
2021-10-07,18.9,18.9,77.3,8.3
2021-10-08,18.1,18.1,73.3,11.5
2021-10-09,17.6,17.6,66.9,22.1
2021-10-10,18.7,18.7,62.1,18.9
2021-10-11,18.0,18.0,57.9,27.0
2021-10-12,17.1,17.1,25.6,25.8
2021-10-13,16.3,16.3,37.3,13.3
2021-10-14,17.6,17.6,44.3,11.8
2021-10-15,21.2,20.7,33.1,13.8
2021-10-16,21.9,21.5,23.8,10.7
2021-10-17,17.4,17.4,56.6,17.8
2021-10-18,16.4,16.4,70.4,23.3
2021-10-19,15.7,15.7,65.6,8.5
2021-10-20,16.2,16.2,67.0,10.7
2021-10-21,17.0,17.0,66.3,10.9
2021-10-22,16.3,16.3,79.8,8.8
2021-10-23,17.2,17.2,80.4,12.2
2021-10-24,17.2,17.2,75.3,7.4
2021-10-25,14.9,14.9,89.4,21.1
2021-10-26,15.2,15.2,70.3,20.9
2021-10-27,18.5,18.5,50.7,8.4
2021-10-28,21.6,21.2,46.1,11.6
2021-10-29,21.1,20.9,52.6,9.6
2021-10-30,16.8,16.8,81.2,13.0
2021-10-31,16.6,16.6,74.8,8.4
2021-11-01,15.5,15.5,80.9,13.0
2021-11-02,15.0,15.0,84.5,15.8
2021-11-03,16.2,16.2,83.4,11.9
2021-11-04,16.8,16.8,79.6,6.3
2021-11-05,16.1,16.1,84.0,7.3
2021-11-06,15.3,15.3,82.0,11.4
2021-11-07,14.4,14.4,83.1,8.7
2021-11-08,15.7,15.7,75.9,9.9
2021-11-09,15.9,15.9,77.9,13.4
2021-11-10,17.6,17.6,72.2,7.2
2021-11-11,21.0,20.7,47.4,11.4
2021-11-12,22.9,22.3,38.2,8.5
2021-11-13,23.1,22.6,30.1,8.8
2021-11-14,21.2,20.8,39.5,8.6
2021-11-15,18.3,18.3,61.2,10.1
2021-11-16,15.3,15.3,79.3,9.5
2021-11-17,15.5,15.5,75.7,9.5
2021-11-18,14.5,14.5,83.7,8.4
2021-11-19,15.0,15.0,80.4,8.3
2021-11-20,14.9,14.9,79.2,8.8
2021-11-21,18.8,18.5,45.7,9.9
2021-11-22,20.0,19.8,22.3,6.7
2021-11-23,17.9,17.9,50.0,8.4
2021-11-24,16.7,16.7,61.4,11.4
2021-11-25,16.3,16.3,28.2,8.0
2021-11-26,15.7,15.7,28.3,6.9
2021-11-27,16.7,16.7,31.8,13.0
2021-11-28,16.0,16.0,52.4,6.5
2021-11-29,16.3,16.3,59.7,6.7
2021-11-30,14.3,14.3,79.2,8.4
2021-12-01,14.1,14.1,83.4,6.3
2021-12-02,13.1,13.1,85.4,10.1
2021-12-03,13.7,13.7,78.4,11.9
2021-12-04,14.0,14.0,77.3,6.8
2021-12-05,13.4,13.4,82.9,6.4
2021-12-06,13.8,13.8,78.2,8.1
2021-12-07,15.1,15.1,74.1,10.1
2021-12-08,14.3,14.3,78.5,10.5
2021-12-09,13.7,13.7,75.8,19.5
2021-12-10,12.5,12.5,65.2,8.6
2021-12-11,12.7,12.7,46.5,8.4
2021-12-12,11.9,11.9,54.2,6.9
2021-12-13,12.2,12.2,69.2,12.0
2021-12-14,11.1,11.1,86.0,22.9
2021-12-15,8.5,8.4,65.5,15.6
2021-12-16,9.8,9.8,72.6,6.3
2021-12-17,12.3,12.3,64.2,5.5
2021-12-18,12.3,12.3,47.1,8.4
2021-12-19,11.8,11.8,52.6,11.7
2021-12-20,11.3,11.3,63.7,1.9
2021-12-21,13.8,13.8,55.3,6.0
2021-12-22,13.6,13.6,57.9,5.9
2021-12-23,12.5,12.5,84.9,21.3
2021-12-24,12.9,12.9,83.8,14.6
2021-12-25,11.6,11.6,82.0,10.2
2021-12-26,10.7,10.7,72.3,19.3
2021-12-27,9.6,9.5,78.5,11.7
2021-12-28,9.5,9.4,72.7,8.6
2021-12-29,9.8,9.5,83.0,13.2
2021-12-30,11.7,11.7,91.5,19.0
2021-12-31,11.6,11.6,79.1,8.6
2022-01-01,11.4,11.4,59.2,9.9
2022-01-02,11.2,11.0,41.2,10.9
2022-01-03,10.8,10.7,50.8,7.0
2022-01-04,10.6,10.6,69.7,8.2
2022-01-05,12.5,12.5,69.4,8.1
2022-01-06,13.4,13.4,66.9,6.2
2022-01-07,11.5,11.5,86.0,7.8
2022-01-08,13.1,13.1,73.6,8.9
2022-01-09,14.3,14.3,58.0,4.9
2022-01-10,15.9,15.9,28.9,8.8
2022-01-11,16.8,16.8,25.5,6.7
2022-01-12,16.0,16.0,32.0,6.8
2022-01-13,16.6,16.6,39.8,7.7
2022-01-14,16.2,16.2,53.5,6.3
2022-01-15,15.8,15.8,52.8,8.2
2022-01-16,18.6,18.6,33.6,8.3
2022-01-17,15.9,15.9,74.7,7.6
2022-01-18,15.2,15.2,79.4,9.0
2022-01-19,14.0,14.0,79.2,8.8
2022-01-20,15.1,15.1,60.8,11.7
2022-01-21,15.5,15.5,47.6,14.2
2022-01-22,17.4,17.4,21.0,15.0
2022-01-23,15.9,15.9,34.5,12.5
2022-01-24,14.6,14.6,50.7,8.5
2022-01-25,13.4,13.4,73.0,11.4
2022-01-26,13.8,13.8,55.0,4.9
2022-01-27,14.2,14.2,40.4,8.1
2022-01-28,15.2,15.2,31.7,14.5
2022-01-29,15.0,15.0,22.8,6.6
2022-01-30,12.5,12.5,47.4,18.1
2022-01-31,12.1,12.1,65.9,8.5
2022-02-01,13.4,13.4,73.3,9.4
2022-02-02,13.1,13.0,42.4,16.4
2022-02-03,12.3,12.3,36.9,17.3
2022-02-04,13.3,13.3,40.0,20.1
2022-02-05,13.8,13.8,33.6,17.4
2022-02-06,14.7,14.7,39.4,10.0
2022-02-07,16.6,16.6,30.7,16.2
2022-02-08,17.9,17.9,26.1,9.6
2022-02-09,19.4,19.2,28.3,10.5
2022-02-10,20.6,20.4,28.7,11.0
2022-02-11,19.1,19.0,37.8,7.4
2022-02-12,20.0,19.6,33.9,11.1
2022-02-13,20.3,20.1,23.2,10.8
2022-02-14,16.0,16.0,52.7,14.3
2022-02-15,13.1,13.1,64.1,19.7
2022-02-16,12.7,12.5,53.6,10.1
2022-02-17,14.6,14.6,48.4,12.1
2022-02-18,15.0,15.0,35.1,18.1
2022-02-19,15.4,15.4,43.2,12.6
2022-02-20,13.0,13.0,75.8,15.2
2022-02-21,13.0,13.0,65.8,12.9
2022-02-22,12.1,12.0,61.5,33.8
2022-02-23,9.8,9.7,44.3,15.3
2022-02-24,9.7,9.7,36.5,18.2
2022-02-25,11.2,11.1,41.2,12.8
2022-02-26,12.8,12.8,36.5,10.0
2022-02-27,15.3,15.3,24.3,13.5
2022-02-28,17.8,17.7,27.6,9.6
2022-03-01,18.3,18.3,32.1,17.7
2022-03-02,17.8,17.8,37.7,8.6
2022-03-03,14.8,14.8,69.6,10.7
2022-03-04,14.0,14.0,69.2,20.5
2022-03-05,11.7,11.7,61.2,42.8
2022-03-06,11.3,11.3,52.3,13.7
2022-03-07,13.1,13.0,52.3,13.7
2022-03-08,14.1,14.1,39.2,25.2
2022-03-09,14.0,14.0,60.4,11.0
2022-03-10,14.7,14.7,67.0,13.1
2022-03-11,15.4,15.4,38.3,12.7
2022-03-12,16.6,16.6,28.8,13.9
2022-03-13,15.0,15.0,62.6,13.2
2022-03-14,15.9,15.9,68.6,16.6
2022-03-15,16.4,16.4,66.3,12.7
2022-03-16,18.6,18.6,54.7,18.1
2022-03-17,19.0,19.0,48.8,22.1
2022-03-18,17.7,17.7,51.9,10.7
2022-03-19,15.3,15.3,74.1,17.7
2022-03-20,17.2,17.2,48.8,23.1
2022-03-21,17.2,17.2,57.5,10.7
2022-03-22,19.8,19.6,48.3,16.7
2022-03-23,21.6,21.3,35.4,15.8
2022-03-24,18.7,18.7,58.5,10.7
2022-03-25,16.6,16.6,72.6,11.8
2022-03-26,15.0,15.0,78.5,9.3
2022-03-27,15.3,15.3,66.9,14.5
2022-03-28,13.7,13.7,79.0,17.0
2022-03-29,14.2,14.2,76.2,15.1
2022-03-30,15.1,15.1,74.2,21.9
2022-03-31,15.0,15.0,75.6,10.3
2022-04-01,15.1,15.1,75.8,12.4
2022-04-02,15.0,15.0,77.0,12.8
2022-04-03,15.5,15.5,74.9,12.9
2022-04-04,15.3,15.3,74.2,8.9
2022-04-05,18.5,18.5,66.8,8.5
2022-04-06,21.6,21.4,59.6,10.6
2022-04-07,25.1,24.2,37.6,12.6
2022-04-08,26.7,25.6,20.1,12.7
2022-04-09,21.3,21.3,52.6,8.9
2022-04-10,17.4,17.4,68.6,17.7
2022-04-11,16.1,16.1,69.0,25.4
2022-04-12,15.3,15.3,26.5,20.4
2022-04-13,15.4,15.4,29.9,18.3
2022-04-14,15.2,15.2,57.8,22.5
2022-04-15,15.5,15.5,68.7,22.9
2022-04-16,15.4,15.4,73.0,17.9
2022-04-17,15.5,15.5,72.6,12.6
2022-04-18,16.9,16.9,66.3,20.8
2022-04-19,16.7,16.7,66.5,14.8
2022-04-20,16.1,16.1,65.6,13.6
2022-04-21,15.2,15.2,70.3,17.5
2022-04-22,14.9,14.9,69.7,33.8
2022-04-23,16.8,16.8,59.4,17.1
2022-04-24,21.3,20.9,34.8,16.2
2022-04-25,22.4,22.1,25.8,17.3
2022-04-26,19.3,19.3,54.2,16.0
2022-04-27,17.0,17.0,67.1,24.7
2022-04-28,15.9,15.9,66.0,12.2
2022-04-29,16.0,16.0,66.4,14.3
2022-04-30,17.4,17.4,64.7,15.6
2022-05-01,17.2,17.2,69.9,21.8
2022-05-02,17.1,17.1,69.2,18.3
2022-05-03,17.1,17.1,69.9,22.9
2022-05-04,18.0,18.0,70.2,10.8
2022-05-05,17.0,17.0,74.5,17.7
2022-05-06,18.2,18.2,68.5,17.9
2022-05-07,18.3,18.3,70.1,13.4
2022-05-08,16.5,16.5,66.5,22.7
2022-05-09,15.6,15.6,55.2,23.4
2022-05-10,15.1,15.1,53.2,22.8
2022-05-11,15.6,15.6,44.4,23.8
2022-05-12,18.9,18.9,31.8,17.1
2022-05-13,21.8,21.4,33.4,17.0
2022-05-14,23.4,22.9,37.9,12.6
2022-05-15,20.1,20.0,58.9,20.5
2022-05-16,17.8,17.8,69.9,18.9
2022-05-17,16.9,16.9,71.5,21.1
2022-05-18,17.2,17.2,73.5,17.7
2022-05-19,16.6,16.6,78.4,13.0
2022-05-20,16.5,16.5,76.2,8.3
2022-05-21,17.5,17.5,71.1,15.1
2022-05-22,16.4,16.4,71.5,16.6
2022-05-23,16.3,16.3,75.0,22.8
2022-05-24,17.9,17.9,72.5,8.9
2022-05-25,18.6,18.6,73.7,17.4
2022-05-26,18.4,18.4,70.9,22.2
2022-05-27,17.7,17.7,67.3,15.6
2022-05-28,17.0,17.0,72.9,13.4
2022-05-29,17.9,17.9,68.1,13.2
2022-05-30,18.4,18.4,66.0,22.7
2022-05-31,18.7,18.7,65.7,11.3
2022-06-01,19.8,19.8,68.6,10.4
2022-06-02,19.1,19.1,73.0,18.9
2022-06-03,18.2,18.2,74.7,13.4
2022-06-04,18.2,18.2,74.3,9.9
2022-06-05,19.4,19.4,70.2,21.9
2022-06-06,20.4,20.4,71.8,12.9
2022-06-07,20.0,20.0,76.1,10.8
2022-06-08,19.7,19.7,77.8,17.3
2022-06-09,20.3,20.3,76.0,10.6
2022-06-10,21.1,21.1,75.1,14.7
2022-06-11,20.5,20.5,72.9,12.4
2022-06-12,20.2,20.2,73.3,18.4
2022-06-13,20.4,20.4,72.4,12.7
2022-06-14,20.6,20.6,69.6,20.5
2022-06-15,20.5,20.5,74.0,26.5
2022-06-16,20.5,20.5,75.6,14.8
2022-06-17,19.6,19.6,69.3,24.3
2022-06-18,19.1,19.1,60.5,27.5
2022-06-19,20.0,20.0,58.4,19.7
2022-06-20,23.4,22.9,49.0,13.5
2022-06-21,22.6,22.5,62.4,10.1
2022-06-22,20.8,20.8,68.4,11.5
2022-06-23,21.3,21.3,67.4,13.1
2022-06-24,20.6,20.6,70.5,19.7
2022-06-25,20.5,20.5,69.8,12.0
2022-06-26,21.3,21.3,69.1,12.9
2022-06-27,22.3,22.4,66.7,11.5
2022-06-28,23.1,23.1,64.4,9.3
2022-06-29,22.8,22.8,67.1,13.1
2022-06-30,21.9,22.0,70.3,14.4
2022-07-01,21.1,21.1,70.6,22.7
2022-07-02,20.5,20.5,68.6,14.4
2022-07-03,19.8,19.8,66.4,12.5
2022-07-04,19.7,19.7,68.1,14.2
2022-07-05,20.3,20.3,71.2,20.1
2022-07-06,20.5,20.5,72.7,14.1
2022-07-07,21.3,21.4,69.6,14.9
2022-07-08,20.7,20.7,74.1,11.9
2022-07-09,20.5,20.5,73.3,20.1
2022-07-10,21.8,21.8,68.7,12.3
2022-07-11,20.0,20.0,75.1,14.5
2022-07-12,19.5,19.5,72.5,11.1
2022-07-13,19.0,19.0,74.2,17.3
2022-07-14,20.4,20.4,71.1,14.5
2022-07-15,20.9,20.9,74.5,13.8
2022-07-16,21.5,21.5,72.2,12.1
2022-07-17,22.5,22.6,70.5,12.1
2022-07-18,23.3,23.5,67.8,13.9
2022-07-19,22.9,22.8,63.6,12.5
2022-07-20,22.9,22.8,65.3,14.8
2022-07-21,22.3,22.3,68.7,12.5
2022-07-22,21.6,21.6,72.7,11.6
2022-07-23,21.6,21.6,72.9,16.1
2022-07-24,21.2,21.2,75.0,13.4
2022-07-25,21.3,21.3,73.7,14.1
2022-07-26,20.6,20.6,74.8,15.9
2022-07-27,20.5,20.5,73.3,23.7
2022-07-28,21.4,21.4,71.1,11.2
2022-07-29,22.4,22.5,69.8,11.8
2022-07-30,22.3,22.3,71.7,10.0
2022-07-31,24.2,24.3,64.4,14.2
2022-08-01,23.3,23.3,67.7,13.4
2022-08-02,22.1,22.1,71.1,15.4
2022-08-03,22.2,22.2,71.1,13.3
2022-08-04,22.2,22.3,72.2,11.6
2022-08-05,22.8,22.8,63.9,15.1
2022-08-06,23.1,23.2,64.2,16.7
2022-08-07,24.0,23.8,57.3,12.9
2022-08-08,24.8,25.0,60.6,8.9
2022-08-09,26.3,26.1,49.2,14.2
2022-08-10,25.7,25.5,53.5,13.3
2022-08-11,24.4,24.3,57.2,16.2
2022-08-12,23.8,23.8,60.2,14.6
2022-08-13,24.9,24.7,55.9,10.9
2022-08-14,24.3,24.4,56.6,14.2
2022-08-15,23.5,23.6,59.9,11.2
2022-08-16,23.4,23.4,61.6,14.4
2022-08-17,22.7,22.8,65.1,20.5
2022-08-18,20.5,20.5,72.1,13.1
2022-08-19,21.4,21.5,71.4,16.0
2022-08-20,22.4,22.5,73.9,16.0
2022-08-21,22.1,22.1,75.1,9.4
2022-08-22,20.6,20.6,82.6,13.3
2022-08-23,21.6,21.6,77.9,10.7
2022-08-24,23.6,23.9,73.0,12.4
2022-08-25,23.9,24.2,72.2,14.9
2022-08-26,21.9,22.0,78.4,11.9
2022-08-27,22.0,22.1,75.8,17.1
2022-08-28,21.8,21.8,72.9,21.5
2022-08-29,21.3,21.3,73.5,16.1
2022-08-30,23.2,23.3,62.4,16.2
2022-08-31,26.4,26.1,48.9,12.8
2022-09-01,28.3,28.6,49.5,16.6
2022-09-02,27.8,28.3,57.8,11.5
2022-09-03,28.6,28.9,51.7,17.7
2022-09-04,30.9,31.4,45.9,12.5
2022-09-05,28.6,29.7,61.6,11.6
2022-09-06,27.3,28.3,68.1,16.7
2022-09-07,27.3,27.9,63.5,11.3
2022-09-08,28.3,28.6,55.8,11.8
2022-09-09,29.9,30.3,51.7,29.2
2022-09-10,24.1,24.1,81.3,7.0
2022-09-11,26.1,26.8,70.3,15.0
2022-09-12,25.0,25.4,71.5,16.0
2022-09-13,23.7,23.9,72.1,17.9
2022-09-14,22.6,22.6,70.9,18.4
2022-09-15,22.0,22.0,71.0,13.2
2022-09-16,21.8,21.8,72.4,18.5
2022-09-17,21.3,21.3,72.4,16.7
2022-09-18,21.0,21.0,69.2,17.9
2022-09-19,21.0,21.0,69.5,13.9
2022-09-20,21.8,21.8,72.1,26.6
2022-09-21,21.4,21.4,60.8,25.0
2022-09-22,22.3,22.1,59.7,14.9
2022-09-23,23.0,22.8,62.1,19.1
2022-09-24,23.9,23.7,61.4,22.3
2022-09-25,23.4,23.4,66.0,14.7
2022-09-26,23.5,23.5,66.7,24.3
2022-09-27,24.2,24.3,66.5,12.7
2022-09-28,24.5,24.7,67.1,11.3
2022-09-29,22.0,22.0,81.9,19.1
2022-09-30,21.3,21.3,76.2,10.7
2022-10-01,20.4,20.4,69.5,15.0
2022-10-02,20.5,20.5,71.6,9.0
2022-10-03,20.4,20.4,75.6,13.7
2022-10-04,21.4,21.5,75.7,18.9
2022-10-05,21.2,21.2,81.1,10.5
2022-10-06,20.9,20.9,79.7,10.7
2022-10-07,21.5,21.5,78.1,19.3
2022-10-08,20.9,20.9,82.3,18.1
2022-10-09,20.4,20.4,80.8,15.6
2022-10-10,19.7,19.7,81.1,12.6
2022-10-11,20.6,20.6,76.5,10.9
2022-10-12,20.5,20.5,79.3,17.8
2022-10-13,19.7,19.7,80.6,9.4
2022-10-14,19.2,19.2,82.5,5.2
2022-10-15,19.0,19.0,81.8,10.6
2022-10-16,19.1,19.1,77.8,8.9
2022-10-17,19.4,19.4,75.2,20.3
2022-10-18,22.2,22.1,63.4,11.4
2022-10-19,25.7,24.9,42.1,10.5
2022-10-20,24.4,24.0,45.8,14.6
2022-10-21,20.6,20.6,80.5,10.1
2022-10-22,18.9,18.9,73.6,13.2
2022-10-23,17.6,17.6,68.0,13.1
2022-10-24,17.8,17.8,50.5,16.5
2022-10-25,17.9,17.9,42.7,8.4
2022-10-26,17.2,17.2,66.1,11.6
2022-10-27,17.6,17.6,69.0,13.4
2022-10-28,17.5,17.5,69.3,16.2
2022-10-29,17.5,17.5,63.4,12.2
2022-10-30,18.6,18.6,56.2,10.9
2022-10-31,18.0,18.0,66.8,9.1
2022-11-01,18.2,18.2,77.5,11.9
2022-11-02,16.1,16.1,71.2,21.1
2022-11-03,14.0,14.0,46.4,16.7
2022-11-04,14.2,14.2,44.3,15.4
2022-11-05,14.6,14.6,58.0,10.8
2022-11-06,15.2,15.2,71.1,10.7
2022-11-07,15.3,15.3,92.7,12.3
2022-11-08,14.7,14.7,87.0,18.9
2022-11-09,13.5,13.5,69.9,22.9
2022-11-10,13.8,13.8,56.4,19.1
2022-11-11,14.9,14.9,39.8,11.5
2022-11-12,14.6,14.6,45.3,8.5
2022-11-13,14.9,14.9,52.0,14.3
2022-11-14,14.6,14.6,52.7,8.2
2022-11-15,15.2,15.2,47.5,11.0
2022-11-16,16.0,16.0,34.6,10.2
2022-11-17,15.8,15.8,36.6,12.2
2022-11-18,14.5,14.5,56.2,8.0
2022-11-19,16.1,16.1,41.6,4.1
2022-11-20,17.2,17.2,19.2,5.2
2022-11-21,17.1,17.1,22.0,6.6
2022-11-22,16.3,16.3,31.1,10.7
2022-11-23,14.9,14.9,48.0,6.1
2022-11-24,16.1,16.1,44.5,9.4
2022-11-25,16.1,16.1,31.1,13.1
2022-11-26,14.7,14.7,50.9,5.5
2022-11-27,14.8,14.8,66.9,8.2
2022-11-28,15.2,15.2,75.6,11.6
2022-11-29,14.7,14.7,70.6,8.0
2022-11-30,14.1,14.1,69.5,14.6
2022-12-01,14.1,14.1,63.3,9.9
2022-12-02,13.7,13.7,84.0,10.6
2022-12-03,15.7,15.7,80.1,10.0
2022-12-04,15.3,15.3,86.7,5.1
2022-12-05,14.6,14.6,76.1,11.4
2022-12-06,13.5,13.5,69.6,9.2
2022-12-07,12.1,12.1,71.4,13.6
2022-12-08,11.7,11.7,66.8,9.5
2022-12-09,11.6,11.6,68.5,6.9
2022-12-10,13.2,13.2,71.7,7.7
2022-12-11,13.2,13.2,75.8,27.4
2022-12-12,9.9,9.6,73.4,12.7
2022-12-13,10.8,10.8,62.4,11.6
2022-12-14,11.0,11.0,63.4,6.8
2022-12-15,12.3,12.3,60.0,7.9
2022-12-16,14.1,14.1,41.7,5.7
2022-12-17,13.1,13.0,32.0,7.7
2022-12-18,12.3,12.2,43.4,11.6
2022-12-19,11.7,11.7,53.9,6.8
2022-12-20,13.1,13.1,52.3,10.3
2022-12-21,13.7,13.7,56.6,8.1
2022-12-22,14.3,14.3,58.5,7.7
2022-12-23,13.9,13.9,69.8,7.2
2022-12-24,15.5,15.5,59.5,3.1
2022-12-25,18.8,18.7,37.7,6.9
2022-12-26,18.6,18.6,40.3,5.0
2022-12-27,15.0,15.0,72.1,9.2
2022-12-28,14.4,14.4,81.1,8.1
2022-12-29,14.5,14.5,78.0,9.6
2022-12-30,14.5,14.5,86.3,7.0
2022-12-31,14.6,14.6,93.9,11.6
2023-01-01,13.4,13.4,73.6,12.5
2023-01-02,12.0,11.9,63.6,8.9
2023-01-03,12.9,12.9,84.7,18.7
2023-01-04,15.1,15.1,93.1,12.6
2023-01-05,14.2,14.2,85.4,20.1
2023-01-06,12.2,12.2,75.8,7.5
2023-01-07,14.1,14.1,58.0,6.4
2023-01-08,14.1,14.1,64.5,7.4
2023-01-09,13.6,13.6,83.8,17.3
2023-01-10,14.2,14.2,87.4,24.1
2023-01-11,12.4,12.4,77.9,7.5
2023-01-12,15.9,15.9,54.6,9.9
2023-01-13,14.6,14.6,58.9,8.4
2023-01-14,12.4,12.4,85.2,21.1
2023-01-15,12.9,12.9,84.8,12.2
2023-01-16,12.7,12.7,77.9,28.0
2023-01-17,11.4,11.4,58.5,10.4
2023-01-18,11.2,11.2,62.9,9.2
2023-01-19,11.0,11.0,71.4,9.6
2023-01-20,11.2,11.2,64.7,10.8
2023-01-21,11.2,11.2,55.7,17.4
2023-01-22,11.1,11.1,55.1,9.3
2023-01-23,13.8,13.8,26.7,12.3
2023-01-24,12.2,12.2,50.3,14.4
2023-01-25,13.5,13.5,46.8,10.9
2023-01-26,14.2,14.2,40.7,11.8
2023-01-27,13.5,13.5,46.1,18.9
2023-01-28,13.4,13.4,64.8,11.0
2023-01-29,12.6,12.6,69.1,15.5
2023-01-30,11.6,11.4,76.7,11.8
2023-01-31,12.5,12.5,50.9,10.4
2023-02-01,12.2,12.2,41.5,8.8
2023-02-02,13.4,13.4,42.4,7.8
2023-02-03,15.0,15.0,44.4,9.5
2023-02-04,14.4,14.4,55.5,9.4
2023-02-05,14.4,14.4,71.9,27.8
2023-02-06,15.7,15.7,33.3,14.6
2023-02-07,14.6,14.6,41.3,13.0
2023-02-08,15.1,15.1,46.1,13.8
2023-02-09,17.4,17.4,37.6,9.4
2023-02-10,17.4,17.4,27.3,10.5
2023-02-11,13.2,13.2,62.0,12.3
2023-02-12,11.5,11.5,68.8,12.3
2023-02-13,13.3,13.3,69.9,9.2
2023-02-14,13.0,13.0,55.8,16.8
2023-02-15,11.6,11.0,34.2,11.8
2023-02-16,11.4,11.4,32.0,11.1
2023-02-17,13.3,13.3,24.5,8.7
2023-02-18,13.7,13.7,31.7,10.1
2023-02-19,13.4,13.4,46.8,14.1
2023-02-20,15.3,15.3,47.5,10.9
2023-02-21,14.0,14.0,65.0,14.8
2023-02-22,10.6,9.8,48.4,42.6
2023-02-23,9.1,8.5,69.6,28.6
2023-02-24,10.7,9.9,87.8,23.5
2023-02-25,8.3,7.5,88.3,16.6
2023-02-26,9.0,8.9,72.6,10.9
2023-02-27,10.0,9.9,83.3,14.6
2023-02-28,11.3,11.2,76.7,23.9
2023-03-01,11.0,11.0,56.3,20.9
2023-03-02,11.9,11.7,47.7,12.5
2023-03-03,11.5,11.5,69.4,17.1
2023-03-04,11.7,11.7,71.4,11.3
2023-03-05,12.0,12.0,72.5,10.2
2023-03-06,12.5,12.5,67.7,22.1
2023-03-07,12.1,12.1,62.3,12.8
2023-03-08,12.1,12.1,65.3,13.0
2023-03-09,14.1,14.1,61.5,13.1
2023-03-10,13.0,13.0,86.8,13.6
2023-03-11,15.4,15.4,93.1,9.8
2023-03-12,14.8,14.8,88.2,9.3
2023-03-13,14.8,14.8,82.3,12.9
2023-03-14,14.3,14.3,90.2,13.5
2023-03-15,14.4,14.4,87.9,13.3
2023-03-16,13.7,13.7,73.6,8.2
2023-03-17,13.8,13.8,73.2,13.2
2023-03-18,17.3,17.3,48.2,12.0
2023-03-19,15.3,15.3,66.5,16.9
2023-03-20,14.1,14.1,80.9,23.9
2023-03-21,12.1,11.7,83.2,20.7
2023-03-22,11.5,11.3,80.1,11.2
2023-03-23,13.2,13.2,69.8,27.2
2023-03-24,15.1,15.1,40.4,27.3
2023-03-25,13.9,13.9,39.9,16.0
2023-03-26,15.0,15.0,26.8,20.0
2023-03-27,15.7,15.6,30.6,13.5
2023-03-28,15.7,15.7,39.5,12.5
2023-03-29,12.3,12.0,72.4,17.2
2023-03-30,11.2,10.9,72.3,11.6
2023-03-31,12.8,12.8,66.5,13.4
2023-04-01,14.8,14.8,62.1,12.9
2023-04-02,14.8,14.8,68.5,12.3
2023-04-03,14.3,14.3,47.4,27.8
2023-04-04,13.3,13.3,32.0,23.1
2023-04-05,14.6,14.6,41.0,13.0
2023-04-06,16.6,16.6,33.6,15.4
2023-04-07,16.4,16.4,50.3,23.1
2023-04-08,15.5,15.5,71.3,17.5
2023-04-09,15.9,15.9,76.0,12.6
2023-04-10,15.6,15.6,79.1,9.5
2023-04-11,15.1,15.1,80.4,12.8
2023-04-12,14.5,14.5,81.8,8.7
2023-04-13,13.5,13.5,81.3,10.7
2023-04-14,14.4,14.4,73.5,18.0
2023-04-15,15.3,15.3,68.0,15.2
2023-04-16,14.3,14.3,77.1,13.9
2023-04-17,15.0,15.0,72.6,18.9
2023-04-18,15.5,15.5,65.4,22.5
2023-04-19,15.9,15.9,53.3,23.7
2023-04-20,19.2,19.2,41.1,13.0
2023-04-21,23.0,22.5,30.0,12.7
2023-04-22,21.8,21.7,45.1,18.9
2023-04-23,18.3,18.3,70.9,13.9
2023-04-24,17.3,17.3,73.0,20.1
2023-04-25,17.4,17.4,71.1,13.1
2023-04-26,16.8,16.8,76.3,12.9
2023-04-27,16.1,16.1,78.8,18.0
2023-04-28,15.8,15.8,78.4,16.2
2023-04-29,16.1,16.1,78.2,14.2
2023-04-30,16.0,16.0,79.2,8.8
2023-05-01,15.6,15.6,74.9,18.1
2023-05-02,14.7,14.7,62.7,22.7
2023-05-03,14.5,14.5,60.4,18.5
2023-05-04,14.6,14.6,72.3,13.9
2023-05-05,15.9,15.9,62.6,14.0
2023-05-06,16.0,16.0,61.4,21.7
2023-05-07,16.5,16.5,64.8,20.3
2023-05-08,17.5,17.5,68.6,13.1
2023-05-09,16.1,16.1,72.6,15.1
2023-05-10,16.5,16.5,65.2,11.5
2023-05-11,16.7,16.7,68.8,12.3
2023-05-12,17.1,17.1,72.6,12.1
2023-05-13,17.8,17.8,75.6,10.9
2023-05-14,18.3,18.3,75.8,9.9
2023-05-15,18.2,18.2,75.6,10.4
2023-05-16,17.5,17.5,77.9,15.7
2023-05-17,16.9,16.9,79.3,17.5
2023-05-18,18.0,18.0,74.4,11.4
2023-05-19,17.6,17.6,78.4,16.0
2023-05-20,18.7,18.7,75.6,10.3
2023-05-21,18.3,18.3,77.5,17.6
2023-05-22,17.8,17.8,80.6,15.2
2023-05-23,17.0,17.0,82.0,10.7
2023-05-24,17.1,17.1,74.6,8.9
2023-05-25,17.4,17.4,63.5,11.6
2023-05-26,17.4,17.4,64.2,24.7
2023-05-27,17.6,17.6,68.2,13.3
2023-05-28,17.4,17.4,73.3,10.8
2023-05-29,18.2,18.2,72.3,11.7
2023-05-30,17.8,17.8,66.1,12.2
2023-05-31,17.4,17.4,67.1,13.9
2023-06-01,17.6,17.6,70.3,8.9
2023-06-02,18.5,18.5,66.1,15.1
2023-06-03,18.2,18.2,70.1,13.0
2023-06-04,17.8,17.8,74.5,22.7
2023-06-05,17.0,17.0,71.7,7.1
2023-06-06,17.4,17.4,62.1,12.6
2023-06-07,17.8,17.8,68.4,13.3
2023-06-08,18.0,18.0,71.9,15.3
2023-06-09,17.9,17.9,75.0,11.9
2023-06-10,17.9,17.9,75.6,10.9
2023-06-11,17.9,17.9,73.4,10.0
2023-06-12,18.7,18.7,68.2,20.1
2023-06-13,18.5,18.5,71.1,12.8
2023-06-14,17.5,17.5,77.8,8.7
2023-06-15,18.6,18.6,73.8,8.6
2023-06-16,19.3,19.3,74.3,13.8
2023-06-17,20.0,20.0,74.9,17.3
2023-06-18,19.1,19.1,74.8,15.6
2023-06-19,19.1,19.1,70.7,11.7
2023-06-20,19.8,19.8,65.9,20.1
2023-06-21,20.3,20.3,63.7,14.6
2023-06-22,18.4,18.4,67.7,21.5
2023-06-23,18.5,18.5,62.3,14.1
2023-06-24,19.1,19.1,66.8,11.3
2023-06-25,19.0,19.0,67.9,22.3
2023-06-26,19.1,19.1,69.4,18.3
2023-06-27,19.5,19.5,68.2,11.0
2023-06-28,19.1,19.1,70.1,18.4
2023-06-29,19.5,19.5,70.3,15.7
2023-06-30,19.1,19.1,76.4,20.1
2023-07-01,20.4,20.4,74.0,15.4
2023-07-02,20.1,20.1,76.1,20.9
2023-07-03,19.2,19.2,78.4,10.5
2023-07-04,19.2,19.2,72.4,10.6
2023-07-05,19.4,19.4,69.7,13.7
2023-07-06,19.2,19.2,71.6,17.0
2023-07-07,19.7,19.7,68.0,17.3
2023-07-08,20.0,20.0,69.3,11.6
2023-07-09,20.3,20.3,69.0,18.5
2023-07-10,21.2,21.3,65.5,12.6
2023-07-11,22.0,22.0,64.5,14.2
2023-07-12,23.8,23.4,51.5,10.4
2023-07-13,23.9,23.6,53.6,20.5
2023-07-14,23.9,23.7,56.9,8.9
2023-07-15,22.7,22.8,67.7,15.6
2023-07-16,23.3,23.5,69.6,14.1
2023-07-17,24.0,24.2,70.0,20.1
2023-07-18,23.9,24.1,67.4,11.3
2023-07-19,24.3,24.2,62.0,13.5
2023-07-20,24.6,24.6,61.9,12.8
2023-07-21,23.1,23.2,68.6,10.3
2023-07-22,22.6,22.7,71.5,11.6
2023-07-23,22.8,22.9,73.2,14.8
2023-07-24,24.0,24.3,69.8,17.3
2023-07-25,24.9,25.2,66.1,12.4
2023-07-26,26.1,26.3,59.2,12.0
2023-07-27,25.8,25.9,60.1,16.1
2023-07-28,24.3,24.7,70.7,19.3
2023-07-29,24.8,25.2,68.7,19.7
2023-07-30,24.8,25.2,69.7,12.3
2023-07-31,26.0,26.3,66.7,9.7
2023-08-01,25.2,25.5,66.8,20.1
2023-08-02,24.0,24.1,61.4,20.1
2023-08-03,22.6,22.7,63.9,20.9
2023-08-04,22.7,22.8,67.4,19.7
2023-08-05,23.4,23.6,70.3,14.4
2023-08-06,23.5,23.7,71.8,16.7
2023-08-07,23.9,23.9,67.7,10.4
2023-08-08,23.8,23.7,65.8,15.8
2023-08-09,22.8,22.9,74.1,11.3
2023-08-10,22.8,22.8,70.9,15.6
2023-08-11,22.4,22.4,73.4,18.5
2023-08-12,23.1,23.1,72.1,21.0
2023-08-13,22.8,22.9,74.9,15.2
2023-08-14,22.3,22.3,77.7,14.2
2023-08-15,22.5,22.5,76.1,17.7
2023-08-16,23.5,23.6,70.1,18.7
2023-08-17,22.2,22.3,74.2,22.7
2023-08-18,22.2,22.2,69.8,10.4
2023-08-19,22.4,22.4,68.4,8.9
2023-08-20,23.2,23.2,83.9,12.8
2023-08-21,22.0,22.0,74.5,18.2
2023-08-22,22.9,23.0,69.9,21.1
2023-08-23,23.2,23.3,69.6,24.5
2023-08-24,21.6,21.6,76.1,16.1
2023-08-25,21.6,21.6,73.0,15.9
2023-08-26,22.9,22.9,66.8,11.6
2023-08-27,24.3,24.1,61.1,14.5
2023-08-28,26.2,26.1,55.5,12.5
2023-08-29,26.3,26.2,57.7,15.6
2023-08-30,26.0,26.1,58.8,7.6
2023-08-31,23.8,24.1,73.7,10.2
2023-09-01,24.0,24.2,68.1,12.8
2023-09-02,23.0,23.0,79.2,10.7
2023-09-03,22.9,22.9,64.5,18.5
2023-09-04,21.7,21.7,70.0,13.0
2023-09-05,21.3,21.3,74.9,10.3
2023-09-06,22.7,22.7,66.8,14.8
2023-09-07,22.2,22.2,72.7,16.4
2023-09-08,24.3,24.2,66.8,11.8
2023-09-09,25.6,25.7,59.6,19.9
2023-09-10,26.4,26.5,55.3,22.1
2023-09-11,24.5,24.7,64.9,12.2
2023-09-12,22.8,22.8,71.0,11.9
2023-09-13,21.6,21.6,72.5,11.2
2023-09-14,21.3,21.3,72.3,14.5
2023-09-15,21.0,21.0,74.8,12.1
2023-09-16,20.3,20.3,78.4,9.0
2023-09-17,20.6,20.6,78.7,12.6
2023-09-18,20.9,20.9,70.3,19.3
2023-09-19,20.5,20.5,75.5,13.2
2023-09-20,20.7,20.7,70.6,12.6
2023-09-21,20.0,20.0,72.0,18.9
2023-09-22,19.3,19.3,70.0,10.5
2023-09-23,20.0,20.0,72.8,10.6
2023-09-24,20.2,20.2,75.7,17.9
2023-09-25,19.4,19.4,75.6,12.8
2023-09-26,20.8,20.8,67.6,11.2
2023-09-27,21.0,21.0,71.6,7.9
2023-09-28,20.7,20.7,75.2,13.9
2023-09-29,20.2,20.2,70.7,9.9
2023-09-30,18.9,18.9,74.0,13.3
2023-10-01,17.8,17.8,63.1,10.6
2023-10-02,17.6,17.6,67.8,12.0
2023-10-03,20.5,20.5,66.3,20.9
2023-10-04,22.9,22.6,55.1,12.3
2023-10-05,24.8,24.4,48.3,12.3
2023-10-06,24.7,24.3,50.2,11.7
2023-10-07,22.9,22.9,64.7,9.7
2023-10-08,20.9,20.9,75.8,11.1
2023-10-09,19.4,19.4,81.5,14.3
2023-10-10,19.4,19.4,77.3,10.1
2023-10-11,20.3,20.3,66.4,14.3
2023-10-12,20.3,20.3,61.9,18.5
2023-10-13,20.2,20.2,70.9,8.4
2023-10-14,20.2,20.2,70.4,9.8
2023-10-15,22.2,21.9,53.7,11.3
2023-10-16,21.5,21.5,60.9,11.3
2023-10-17,20.9,20.9,76.0,7.7
2023-10-18,20.6,20.6,78.3,15.0
2023-10-19,20.7,20.7,77.0,9.6
2023-10-20,21.9,22.0,70.2,9.0
2023-10-21,21.2,21.2,65.7,23.7
2023-10-22,19.1,19.1,75.3,9.4
2023-10-23,19.9,19.9,69.6,10.8
2023-10-24,19.2,19.2,76.1,11.3
2023-10-25,19.5,19.5,73.6,11.1
2023-10-26,19.1,19.1,71.7,17.5
2023-10-27,18.0,18.0,72.3,14.0
2023-10-28,17.5,17.5,70.7,8.6
2023-10-29,19.0,19.0,42.9,6.0
2023-10-30,18.3,18.3,27.9,4.4
2023-10-31,20.0,19.7,19.9,11.9
2023-11-01,21.7,21.3,16.4,8.0
2023-11-02,20.7,20.5,27.6,7.6
2023-11-03,18.9,18.9,48.8,8.5
2023-11-04,18.1,18.1,67.7,9.5
2023-11-05,18.3,18.3,69.1,11.1
2023-11-06,18.0,18.0,76.5,9.3
2023-11-07,18.9,18.9,64.7,12.0
2023-11-08,19.0,19.0,39.2,22.1
2023-11-09,18.3,18.3,28.3,7.6
2023-11-10,16.9,16.9,34.1,9.1
2023-11-11,17.6,17.6,34.0,11.5
2023-11-12,19.9,19.7,24.1,7.9
2023-11-13,17.8,17.8,43.7,7.3
2023-11-14,17.6,17.6,44.5,12.0
2023-11-15,16.1,16.1,64.2,11.7
2023-11-16,18.2,18.2,78.3,11.2
2023-11-17,18.1,18.1,75.0,11.4
2023-11-18,18.5,18.5,79.8,9.0
2023-11-19,18.2,18.2,53.2,17.1
2023-11-20,16.6,16.6,40.9,7.7
2023-11-21,18.6,18.6,30.1,5.6
2023-11-22,19.6,19.5,27.6,8.8
2023-11-23,17.5,17.5,55.1,11.2
2023-11-24,16.8,16.8,69.8,15.6
2023-11-25,15.8,15.8,61.4,8.2
2023-11-26,15.3,15.3,35.6,8.8
2023-11-27,16.1,16.1,31.7,6.6
2023-11-28,16.0,16.0,38.7,8.1
2023-11-29,14.6,14.6,60.9,15.6
2023-11-30,14.6,14.6,75.8,11.5
2023-12-01,16.0,16.0,41.9,21.9
2023-12-02,14.3,14.3,60.3,11.0
2023-12-03,14.4,14.4,68.2,7.8
2023-12-04,16.5,16.5,60.8,7.1
2023-12-05,19.2,19.1,43.3,11.8
2023-12-06,17.2,17.2,59.0,8.4
2023-12-07,16.2,16.2,63.3,17.5
2023-12-08,14.7,14.7,61.1,9.7
2023-12-09,15.3,15.3,35.4,4.3
2023-12-10,16.3,16.3,24.4,8.3
2023-12-11,16.2,16.2,32.9,7.2
2023-12-12,14.2,14.2,70.4,8.9
2023-12-13,15.3,15.3,72.7,11.1
2023-12-14,15.8,15.8,50.5,6.4
2023-12-15,18.0,18.0,26.0,8.2
2023-12-16,18.1,18.1,28.0,11.2
2023-12-17,18.7,18.7,30.2,6.5
2023-12-18,18.2,18.2,49.5,9.6
2023-12-19,16.8,16.8,76.4,7.5
2023-12-20,16.4,16.4,91.4,12.4
2023-12-21,16.6,16.6,85.1,16.9
2023-12-22,16.8,16.8,70.4,20.6
2023-12-23,15.1,15.1,80.8,10.5
2023-12-24,15.1,15.1,76.9,9.3
2023-12-25,14.2,14.2,74.3,7.5
2023-12-26,14.9,14.9,78.4,10.8
2023-12-27,14.5,14.5,81.3,11.0
2023-12-28,14.3,14.3,80.2,7.3
2023-12-29,14.3,14.3,81.2,9.3
2023-12-30,14.5,14.5,83.6,12.5
2023-12-31,13.6,13.6,77.8,9.4
